dataset,column_name,column_group,data_type_sample,missing_percentage_sample,sample_values,total_rows_in_file
train_transaction,TransactionID,identifier,int64,0.0,"['2987000', '2987001', '2987002']",590540
train_transaction,isFraud,target,int64,0.0,"['0', '0', '0']",590540
train_transaction,TransactionDT,time,int64,0.0,"['86400', '86401', '86469']",590540
train_transaction,TransactionAmt,amount,float64,0.0,"['68.5', '29.0', '59.0']",590540
train_transaction,ProductCD,product,object,0.0,"['W', 'W', 'W']",590540
train_transaction,card1,card_feature,int64,0.0,"['13926', '2755', '4663']",590540
train_transaction,card2,card_feature,float64,1.19,"['404.0', '490.0', '567.0']",590540
train_transaction,card3,card_feature,float64,0.01,"['150.0', '150.0', '150.0']",590540
train_transaction,card4,card_feature,object,0.01,"['discover', 'mastercard', 'visa']",590540
train_transaction,card5,card_feature,float64,0.22,"['142.0', '102.0', '166.0']",590540
train_transaction,card6,card_feature,object,0.01,"['credit', 'credit', 'debit']",590540
train_transaction,addr1,address_feature,float64,9.13,"['315.0', '325.0', '330.0']",590540
train_transaction,addr2,address_feature,float64,9.13,"['87.0', '87.0', '87.0']",590540
train_transaction,dist1,other,float64,66.15,"['19.0', '287.0', '36.0']",590540
train_transaction,dist2,other,float64,96.22,"['30.0', '98.0', '149.0']",590540
train_transaction,P_emaildomain,email_domain,object,21.05,"['gmail.com', 'outlook.com', 'yahoo.com']",590540
train_transaction,R_emaildomain,email_domain,object,83.75,"['gmail.com', 'hotmail.com', 'gmail.com']",590540
train_transaction,C1,count_feature,float64,0.0,"['1.0', '1.0', '1.0']",590540
train_transaction,C2,count_feature,float64,0.0,"['1.0', '1.0', '1.0']",590540
train_transaction,C3,count_feature,float64,0.0,"['0.0', '0.0', '0.0']",590540
train_transaction,C4,count_feature,float64,0.0,"['0.0', '0.0', '0.0']",590540
train_transaction,C5,count_feature,float64,0.0,"['0.0', '0.0', '0.0']",590540
train_transaction,C6,count_feature,float64,0.0,"['1.0', '1.0', '1.0']",590540
train_transaction,C7,count_feature,float64,0.0,"['0.0', '0.0', '0.0']",590540
train_transaction,C8,count_feature,float64,0.0,"['0.0', '0.0', '0.0']",590540
train_transaction,C9,count_feature,float64,0.0,"['1.0', '0.0', '1.0']",590540
train_transaction,C10,count_feature,float64,0.0,"['0.0', '0.0', '0.0']",590540
train_transaction,C11,count_feature,float64,0.0,"['2.0', '1.0', '1.0']",590540
train_transaction,C12,count_feature,float64,0.0,"['0.0', '0.0', '0.0']",590540
train_transaction,C13,count_feature,float64,0.0,"['1.0', '1.0', '1.0']",590540
train_transaction,C14,count_feature,float64,0.0,"['1.0', '1.0', '1.0']",590540
train_transaction,D1,time_delta_feature,float64,0.0,"['14.0', '0.0', '0.0']",590540
train_transaction,D2,time_delta_feature,float64,45.77,"['112.0', '61.0', '1.0']",590540
train_transaction,D3,time_delta_feature,float64,42.73,"['13.0', '0.0', '30.0']",590540
train_transaction,D4,time_delta_feature,float64,62.31,"['0.0', '0.0', '94.0']",590540
train_transaction,D5,time_delta_feature,float64,72.32,"['0.0', '30.0', '0.0']",590540
train_transaction,D6,time_delta_feature,float64,95.09,"['0.0', '0.0', '537.0']",590540
train_transaction,D7,time_delta_feature,float64,97.77,"['0.0', '4.0', '0.0']",590540
train_transaction,D8,time_delta_feature,float64,89.0,"['83.0', '26.0', '21.0']",590540
train_transaction,D9,time_delta_feature,float64,89.0,"['0.0', '0.0', '0.0']",590540
train_transaction,D10,time_delta_feature,float64,12.65,"['13.0', '0.0', '0.0']",590540
train_transaction,D11,time_delta_feature,float64,77.24,"['13.0', '315.0', '0.0']",590540
train_transaction,D12,time_delta_feature,float64,95.94,"['0.0', '0.0', '0.0']",590540
train_transaction,D13,time_delta_feature,float64,97.2,"['0.0', '0.0', '0.0']",590540
train_transaction,D14,time_delta_feature,float64,95.5,"['0.0', '0.0', '0.0']",590540
train_transaction,D15,time_delta_feature,float64,49.31,"['0.0', '0.0', '315.0']",590540
train_transaction,M1,match_feature,object,57.9,"['T', 'T', 'T']",590540
train_transaction,M2,match_feature,object,57.9,"['T', 'T', 'T']",590540
train_transaction,M3,match_feature,object,57.9,"['T', 'T', 'T']",590540
train_transaction,M4,match_feature,object,48.86,"['M2', 'M0', 'M0']",590540
train_transaction,M5,match_feature,object,57.93,"['F', 'T', 'F']",590540
train_transaction,M6,match_feature,object,25.72,"['T', 'T', 'F']",590540
train_transaction,M7,match_feature,object,78.66,"['F', 'T', 'F']",590540
train_transaction,M8,match_feature,object,78.66,"['F', 'T', 'F']",590540
train_transaction,M9,match_feature,object,78.66,"['F', 'T', 'T']",590540
train_transaction,V1,anonymous_transaction_feature,float64,77.24,"['1.0', '1.0', '1.0']",590540
train_transaction,V2,anonymous_transaction_feature,float64,77.24,"['1.0', '1.0', '1.0']",590540
train_transaction,V3,anonymous_transaction_feature,float64,77.24,"['1.0', '1.0', '1.0']",590540
train_transaction,V4,anonymous_transaction_feature,float64,77.24,"['1.0', '1.0', '1.0']",590540
train_transaction,V5,anonymous_transaction_feature,float64,77.24,"['1.0', '1.0', '1.0']",590540
train_transaction,V6,anonymous_transaction_feature,float64,77.24,"['1.0', '1.0', '1.0']",590540
train_transaction,V7,anonymous_transaction_feature,float64,77.24,"['1.0', '1.0', '1.0']",590540
train_transaction,V8,anonymous_transaction_feature,float64,77.24,"['1.0', '1.0', '1.0']",590540
train_transaction,V9,anonymous_transaction_feature,float64,77.24,"['1.0', '1.0', '1.0']",590540
train_transaction,V10,anonymous_transaction_feature,float64,77.24,"['0.0', '0.0', '0.0']",590540
train_transaction,V11,anonymous_transaction_feature,float64,77.24,"['0.0', '0.0', '0.0']",590540
train_transaction,V12,anonymous_transaction_feature,float64,12.66,"['1.0', '0.0', '1.0']",590540
train_transaction,V13,anonymous_transaction_feature,float64,12.66,"['1.0', '0.0', '1.0']",590540
train_transaction,V14,anonymous_transaction_feature,float64,12.66,"['1.0', '1.0', '1.0']",590540
train_transaction,V15,anonymous_transaction_feature,float64,12.66,"['0.0', '0.0', '0.0']",590540
train_transaction,V16,anonymous_transaction_feature,float64,12.66,"['0.0', '0.0', '0.0']",590540
train_transaction,V17,anonymous_transaction_feature,float64,12.66,"['0.0', '0.0', '0.0']",590540
train_transaction,V18,anonymous_transaction_feature,float64,12.66,"['0.0', '0.0', '0.0']",590540
train_transaction,V19,anonymous_transaction_feature,float64,12.66,"['1.0', '1.0', '1.0']",590540
train_transaction,V20,anonymous_transaction_feature,float64,12.66,"['1.0', '1.0', '1.0']",590540
train_transaction,V21,anonymous_transaction_feature,float64,12.66,"['0.0', '0.0', '0.0']",590540
train_transaction,V22,anonymous_transaction_feature,float64,12.66,"['0.0', '0.0', '0.0']",590540
train_transaction,V23,anonymous_transaction_feature,float64,12.66,"['1.0', '1.0', '1.0']",590540
train_transaction,V24,anonymous_transaction_feature,float64,12.66,"['1.0', '1.0', '1.0']",590540
train_transaction,V25,anonymous_transaction_feature,float64,12.66,"['1.0', '1.0', '1.0']",590540
train_transaction,V26,anonymous_transaction_feature,float64,12.66,"['1.0', '1.0', '1.0']",590540
train_transaction,V27,anonymous_transaction_feature,float64,12.66,"['0.0', '0.0', '0.0']",590540
train_transaction,V28,anonymous_transaction_feature,float64,12.66,"['0.0', '0.0', '0.0']",590540
train_transaction,V29,anonymous_transaction_feature,float64,12.66,"['0.0', '0.0', '0.0']",590540
train_transaction,V30,anonymous_transaction_feature,float64,12.66,"['0.0', '0.0', '0.0']",590540
train_transaction,V31,anonymous_transaction_feature,float64,12.66,"['0.0', '0.0', '0.0']",590540
train_transaction,V32,anonymous_transaction_feature,float64,12.66,"['0.0', '0.0', '0.0']",590540
train_transaction,V33,anonymous_transaction_feature,float64,12.66,"['0.0', '0.0', '0.0']",590540
train_transaction,V34,anonymous_transaction_feature,float64,12.66,"['0.0', '0.0', '0.0']",590540
train_transaction,V35,anonymous_transaction_feature,float64,62.31,"['0.0', '1.0', '1.0']",590540
train_transaction,V36,anonymous_transaction_feature,float64,62.31,"['0.0', '1.0', '1.0']",590540
train_transaction,V37,anonymous_transaction_feature,float64,62.31,"['1.0', '1.0', '1.0']",590540
train_transaction,V38,anonymous_transaction_feature,float64,62.31,"['1.0', '1.0', '1.0']",590540
train_transaction,V39,anonymous_transaction_feature,float64,62.31,"['0.0', '0.0', '0.0']",590540
train_transaction,V40,anonymous_transaction_feature,float64,62.31,"['0.0', '0.0', '0.0']",590540
train_transaction,V41,anonymous_transaction_feature,float64,62.31,"['1.0', '1.0', '1.0']",590540
train_transaction,V42,anonymous_transaction_feature,float64,62.31,"['0.0', '0.0', '0.0']",590540
train_transaction,V43,anonymous_transaction_feature,float64,62.31,"['0.0', '0.0', '0.0']",590540
train_transaction,V44,anonymous_transaction_feature,float64,62.31,"['1.0', '1.0', '1.0']",590540
train_transaction,V45,anonymous_transaction_feature,float64,62.31,"['1.0', '1.0', '1.0']",590540
train_transaction,V46,anonymous_transaction_feature,float64,62.31,"['1.0', '1.0', '1.0']",590540
train_transaction,V47,anonymous_transaction_feature,float64,62.31,"['1.0', '1.0', '1.0']",590540
train_transaction,V48,anonymous_transaction_feature,float64,62.31,"['0.0', '0.0', '0.0']",590540
train_transaction,V49,anonymous_transaction_feature,float64,62.31,"['0.0', '0.0', '0.0']",590540
train_transaction,V50,anonymous_transaction_feature,float64,62.31,"['0.0', '0.0', '0.0']",590540
train_transaction,V51,anonymous_transaction_feature,float64,62.31,"['0.0', '0.0', '0.0']",590540
train_transaction,V52,anonymous_transaction_feature,float64,62.31,"['0.0', '0.0', '0.0']",590540
train_transaction,V53,anonymous_transaction_feature,float64,13.43,"['1.0', '0.0', '1.0']",590540
train_transaction,V54,anonymous_transaction_feature,float64,13.43,"['1.0', '0.0', '1.0']",590540
train_transaction,V55,anonymous_transaction_feature,float64,13.43,"['1.0', '1.0', '1.0']",590540
train_transaction,V56,anonymous_transaction_feature,float64,13.43,"['1.0', '1.0', '1.0']",590540
train_transaction,V57,anonymous_transaction_feature,float64,13.43,"['0.0', '0.0', '0.0']",590540
train_transaction,V58,anonymous_transaction_feature,float64,13.43,"['0.0', '0.0', '0.0']",590540
train_transaction,V59,anonymous_transaction_feature,float64,13.43,"['0.0', '0.0', '0.0']",590540
train_transaction,V60,anonymous_transaction_feature,float64,13.43,"['0.0', '0.0', '0.0']",590540
train_transaction,V61,anonymous_transaction_feature,float64,13.43,"['1.0', '1.0', '1.0']",590540
train_transaction,V62,anonymous_transaction_feature,float64,13.43,"['1.0', '1.0', '1.0']",590540
train_transaction,V63,anonymous_transaction_feature,float64,13.43,"['0.0', '0.0', '0.0']",590540
train_transaction,V64,anonymous_transaction_feature,float64,13.43,"['0.0', '0.0', '0.0']",590540
train_transaction,V65,anonymous_transaction_feature,float64,13.43,"['1.0', '1.0', '1.0']",590540
train_transaction,V66,anonymous_transaction_feature,float64,13.43,"['1.0', '1.0', '1.0']",590540
train_transaction,V67,anonymous_transaction_feature,float64,13.43,"['1.0', '1.0', '1.0']",590540
train_transaction,V68,anonymous_transaction_feature,float64,13.43,"['0.0', '0.0', '0.0']",590540
train_transaction,V69,anonymous_transaction_feature,float64,13.43,"['0.0', '0.0', '0.0']",590540
train_transaction,V70,anonymous_transaction_feature,float64,13.43,"['0.0', '0.0', '0.0']",590540
train_transaction,V71,anonymous_transaction_feature,float64,13.43,"['0.0', '0.0', '0.0']",590540
train_transaction,V72,anonymous_transaction_feature,float64,13.43,"['0.0', '0.0', '0.0']",590540
train_transaction,V73,anonymous_transaction_feature,float64,13.43,"['0.0', '0.0', '0.0']",590540
train_transaction,V74,anonymous_transaction_feature,float64,13.43,"['0.0', '0.0', '0.0']",590540
train_transaction,V75,anonymous_transaction_feature,float64,49.31,"['1.0', '0.0', '1.0']",590540
train_transaction,V76,anonymous_transaction_feature,float64,49.31,"['1.0', '0.0', '1.0']",590540
train_transaction,V77,anonymous_transaction_feature,float64,49.31,"['1.0', '1.0', '1.0']",590540
train_transaction,V78,anonymous_transaction_feature,float64,49.31,"['1.0', '1.0', '1.0']",590540
train_transaction,V79,anonymous_transaction_feature,float64,49.31,"['0.0', '0.0', '0.0']",590540
train_transaction,V80,anonymous_transaction_feature,float64,49.31,"['0.0', '0.0', '0.0']",590540
train_transaction,V81,anonymous_transaction_feature,float64,49.31,"['0.0', '0.0', '0.0']",590540
train_transaction,V82,anonymous_transaction_feature,float64,49.31,"['0.0', '1.0', '1.0']",590540
train_transaction,V83,anonymous_transaction_feature,float64,49.31,"['0.0', '1.0', '1.0']",590540
train_transaction,V84,anonymous_transaction_feature,float64,49.31,"['0.0', '0.0', '0.0']",590540
train_transaction,V85,anonymous_transaction_feature,float64,49.31,"['0.0', '0.0', '0.0']",590540
train_transaction,V86,anonymous_transaction_feature,float64,49.31,"['1.0', '1.0', '1.0']",590540
train_transaction,V87,anonymous_transaction_feature,float64,49.31,"['1.0', '1.0', '1.0']",590540
train_transaction,V88,anonymous_transaction_feature,float64,49.31,"['1.0', '1.0', '1.0']",590540
train_transaction,V89,anonymous_transaction_feature,float64,49.31,"['0.0', '0.0', '0.0']",590540
train_transaction,V90,anonymous_transaction_feature,float64,49.31,"['0.0', '0.0', '0.0']",590540
train_transaction,V91,anonymous_transaction_feature,float64,49.31,"['0.0', '0.0', '0.0']",590540
train_transaction,V92,anonymous_transaction_feature,float64,49.31,"['0.0', '0.0', '0.0']",590540
train_transaction,V93,anonymous_transaction_feature,float64,49.31,"['0.0', '0.0', '0.0']",590540
train_transaction,V94,anonymous_transaction_feature,float64,49.31,"['0.0', '0.0', '0.0']",590540
train_transaction,V95,anonymous_transaction_feature,float64,0.0,"['0.0', '0.0', '0.0']",590540
train_transaction,V96,anonymous_transaction_feature,float64,0.0,"['1.0', '0.0', '0.0']",590540
train_transaction,V97,anonymous_transaction_feature,float64,0.0,"['0.0', '0.0', '0.0']",590540
train_transaction,V98,anonymous_transaction_feature,float64,0.0,"['0.0', '0.0', '0.0']",590540
train_transaction,V99,anonymous_transaction_feature,float64,0.0,"['0.0', '0.0', '0.0']",590540
train_transaction,V100,anonymous_transaction_feature,float64,0.0,"['0.0', '0.0', '0.0']",590540
train_transaction,V101,anonymous_transaction_feature,float64,0.0,"['0.0', '0.0', '0.0']",590540
train_transaction,V102,anonymous_transaction_feature,float64,0.0,"['1.0', '0.0', '0.0']",590540
train_transaction,V103,anonymous_transaction_feature,float64,0.0,"['0.0', '0.0', '0.0']",590540
train_transaction,V104,anonymous_transaction_feature,float64,0.0,"['0.0', '0.0', '0.0']",590540
train_transaction,V105,anonymous_transaction_feature,float64,0.0,"['0.0', '0.0', '0.0']",590540
train_transaction,V106,anonymous_transaction_feature,float64,0.0,"['0.0', '0.0', '0.0']",590540
train_transaction,V107,anonymous_transaction_feature,float64,0.0,"['1.0', '1.0', '1.0']",590540
train_transaction,V108,anonymous_transaction_feature,float64,0.0,"['1.0', '1.0', '1.0']",590540
train_transaction,V109,anonymous_transaction_feature,float64,0.0,"['1.0', '1.0', '1.0']",590540
train_transaction,V110,anonymous_transaction_feature,float64,0.0,"['1.0', '1.0', '1.0']",590540
train_transaction,V111,anonymous_transaction_feature,float64,0.0,"['1.0', '1.0', '1.0']",590540
train_transaction,V112,anonymous_transaction_feature,float64,0.0,"['1.0', '1.0', '1.0']",590540
train_transaction,V113,anonymous_transaction_feature,float64,0.0,"['1.0', '1.0', '1.0']",590540
train_transaction,V114,anonymous_transaction_feature,float64,0.0,"['1.0', '1.0', '1.0']",590540
train_transaction,V115,anonymous_transaction_feature,float64,0.0,"['1.0', '1.0', '1.0']",590540
train_transaction,V116,anonymous_transaction_feature,float64,0.0,"['1.0', '1.0', '1.0']",590540
train_transaction,V117,anonymous_transaction_feature,float64,0.0,"['1.0', '1.0', '1.0']",590540
train_transaction,V118,anonymous_transaction_feature,float64,0.0,"['1.0', '1.0', '1.0']",590540
train_transaction,V119,anonymous_transaction_feature,float64,0.0,"['1.0', '1.0', '1.0']",590540
train_transaction,V120,anonymous_transaction_feature,float64,0.0,"['1.0', '1.0', '1.0']",590540
train_transaction,V121,anonymous_transaction_feature,float64,0.0,"['1.0', '1.0', '1.0']",590540
train_transaction,V122,anonymous_transaction_feature,float64,0.0,"['1.0', '1.0', '1.0']",590540
train_transaction,V123,anonymous_transaction_feature,float64,0.0,"['1.0', '1.0', '1.0']",590540
train_transaction,V124,anonymous_transaction_feature,float64,0.0,"['1.0', '1.0', '1.0']",590540
train_transaction,V125,anonymous_transaction_feature,float64,0.0,"['1.0', '1.0', '1.0']",590540
train_transaction,V126,anonymous_transaction_feature,float64,0.0,"['0.0', '0.0', '0.0']",590540
train_transaction,V127,anonymous_transaction_feature,float64,0.0,"['117.0', '0.0', '0.0']",590540
train_transaction,V128,anonymous_transaction_feature,float64,0.0,"['0.0', '0.0', '0.0']",590540
train_transaction,V129,anonymous_transaction_feature,float64,0.0,"['0.0', '0.0', '0.0']",590540
train_transaction,V130,anonymous_transaction_feature,float64,0.0,"['0.0', '0.0', '0.0']",590540
train_transaction,V131,anonymous_transaction_feature,float64,0.0,"['0.0', '0.0', '0.0']",590540
train_transaction,V132,anonymous_transaction_feature,float64,0.0,"['0.0', '0.0', '0.0']",590540
train_transaction,V133,anonymous_transaction_feature,float64,0.0,"['117.0', '0.0', '0.0']",590540
train_transaction,V134,anonymous_transaction_feature,float64,0.0,"['0.0', '0.0', '0.0']",590540
train_transaction,V135,anonymous_transaction_feature,float64,0.0,"['0.0', '0.0', '0.0']",590540
train_transaction,V136,anonymous_transaction_feature,float64,0.0,"['0.0', '0.0', '0.0']",590540
train_transaction,V137,anonymous_transaction_feature,float64,0.0,"['0.0', '0.0', '0.0']",590540
train_transaction,V138,anonymous_transaction_feature,float64,86.18,"['0.0', '0.0', '0.0']",590540
train_transaction,V139,anonymous_transaction_feature,float64,86.18,"['0.0', '0.0', '0.0']",590540
train_transaction,V140,anonymous_transaction_feature,float64,86.18,"['0.0', '0.0', '0.0']",590540
train_transaction,V141,anonymous_transaction_feature,float64,86.18,"['0.0', '0.0', '0.0']",590540
train_transaction,V142,anonymous_transaction_feature,float64,86.18,"['0.0', '0.0', '0.0']",590540
train_transaction,V143,anonymous_transaction_feature,float64,86.18,"['6.0', '6.0', '6.0']",590540
train_transaction,V144,anonymous_transaction_feature,float64,86.18,"['18.0', '18.0', '18.0']",590540
train_transaction,V145,anonymous_transaction_feature,float64,86.18,"['140.0', '140.0', '140.0']",590540
train_transaction,V146,anonymous_transaction_feature,float64,86.18,"['0.0', '0.0', '0.0']",590540
train_transaction,V147,anonymous_transaction_feature,float64,86.18,"['0.0', '0.0', '0.0']",590540
train_transaction,V148,anonymous_transaction_feature,float64,86.18,"['0.0', '0.0', '0.0']",590540
train_transaction,V149,anonymous_transaction_feature,float64,86.18,"['0.0', '0.0', '0.0']",590540
train_transaction,V150,anonymous_transaction_feature,float64,86.18,"['1803.0', '1804.0', '1805.0']",590540
train_transaction,V151,anonymous_transaction_feature,float64,86.18,"['49.0', '49.0', '49.0']",590540
train_transaction,V152,anonymous_transaction_feature,float64,86.18,"['64.0', '64.0', '64.0']",590540
train_transaction,V153,anonymous_transaction_feature,float64,86.18,"['0.0', '0.0', '0.0']",590540
train_transaction,V154,anonymous_transaction_feature,float64,86.18,"['0.0', '0.0', '0.0']",590540
train_transaction,V155,anonymous_transaction_feature,float64,86.18,"['0.0', '0.0', '0.0']",590540
train_transaction,V156,anonymous_transaction_feature,float64,86.18,"['0.0', '0.0', '0.0']",590540
train_transaction,V157,anonymous_transaction_feature,float64,86.18,"['0.0', '0.0', '0.0']",590540
train_transaction,V158,anonymous_transaction_feature,float64,86.18,"['0.0', '0.0', '0.0']",590540
train_transaction,V159,anonymous_transaction_feature,float64,86.18,"['15557.990234375', '15607.990234375', '15622.990234375']",590540
train_transaction,V160,anonymous_transaction_feature,float64,86.18,"['169690.796875', '169740.796875', '169755.796875']",590540
train_transaction,V161,anonymous_transaction_feature,float64,86.18,"['0.0', '0.0', '0.0']",590540
train_transaction,V162,anonymous_transaction_feature,float64,86.18,"['0.0', '0.0', '0.0']",590540
train_transaction,V163,anonymous_transaction_feature,float64,86.18,"['0.0', '0.0', '0.0']",590540
train_transaction,V164,anonymous_transaction_feature,float64,86.18,"['515.0', '515.0', '515.0']",590540
train_transaction,V165,anonymous_transaction_feature,float64,86.18,"['5155.0', '5155.0', '5155.0']",590540
train_transaction,V166,anonymous_transaction_feature,float64,86.18,"['2840.0', '2840.0', '2840.0']",590540
train_transaction,V167,anonymous_transaction_feature,float64,84.35,"['0.0', '0.0', '3.0']",590540
train_transaction,V168,anonymous_transaction_feature,float64,84.35,"['0.0', '0.0', '3.0']",590540
train_transaction,V169,anonymous_transaction_feature,float64,84.35,"['0.0', '0.0', '3.0']",590540
train_transaction,V170,anonymous_transaction_feature,float64,84.35,"['1.0', '1.0', '4.0']",590540
train_transaction,V171,anonymous_transaction_feature,float64,84.35,"['1.0', '1.0', '4.0']",590540
train_transaction,V172,anonymous_transaction_feature,float64,84.35,"['0.0', '0.0', '2.0']",590540
train_transaction,V173,anonymous_transaction_feature,float64,84.35,"['0.0', '0.0', '1.0']",590540
train_transaction,V174,anonymous_transaction_feature,float64,84.35,"['0.0', '0.0', '2.0']",590540
train_transaction,V175,anonymous_transaction_feature,float64,84.35,"['0.0', '0.0', '2.0']",590540
train_transaction,V176,anonymous_transaction_feature,float64,84.35,"['1.0', '1.0', '4.0']",590540
train_transaction,V177,anonymous_transaction_feature,float64,84.35,"['0.0', '0.0', '0.0']",590540
train_transaction,V178,anonymous_transaction_feature,float64,84.35,"['0.0', '0.0', '0.0']",590540
train_transaction,V179,anonymous_transaction_feature,float64,84.35,"['0.0', '0.0', '0.0']",590540
train_transaction,V180,anonymous_transaction_feature,float64,84.35,"['0.0', '0.0', '1.0']",590540
train_transaction,V181,anonymous_transaction_feature,float64,84.35,"['0.0', '0.0', '1.0']",590540
train_transaction,V182,anonymous_transaction_feature,float64,84.35,"['0.0', '0.0', '1.0']",590540
train_transaction,V183,anonymous_transaction_feature,float64,84.35,"['0.0', '0.0', '1.0']",590540
train_transaction,V184,anonymous_transaction_feature,float64,84.35,"['0.0', '0.0', '1.0']",590540
train_transaction,V185,anonymous_transaction_feature,float64,84.35,"['0.0', '0.0', '1.0']",590540
train_transaction,V186,anonymous_transaction_feature,float64,84.35,"['1.0', '1.0', '1.0']",590540
train_transaction,V187,anonymous_transaction_feature,float64,84.35,"['1.0', '1.0', '1.0']",590540
train_transaction,V188,anonymous_transaction_feature,float64,84.35,"['1.0', '1.0', '1.0']",590540
train_transaction,V189,anonymous_transaction_feature,float64,84.35,"['1.0', '1.0', '1.0']",590540
train_transaction,V190,anonymous_transaction_feature,float64,84.35,"['1.0', '1.0', '1.0']",590540
train_transaction,V191,anonymous_transaction_feature,float64,84.35,"['1.0', '1.0', '1.0']",590540
train_transaction,V192,anonymous_transaction_feature,float64,84.35,"['1.0', '1.0', '1.0']",590540
train_transaction,V193,anonymous_transaction_feature,float64,84.35,"['1.0', '1.0', '1.0']",590540
train_transaction,V194,anonymous_transaction_feature,float64,84.35,"['1.0', '1.0', '1.0']",590540
train_transaction,V195,anonymous_transaction_feature,float64,84.35,"['1.0', '1.0', '1.0']",590540
train_transaction,V196,anonymous_transaction_feature,float64,84.35,"['1.0', '1.0', '1.0']",590540
train_transaction,V197,anonymous_transaction_feature,float64,84.35,"['1.0', '1.0', '1.0']",590540
train_transaction,V198,anonymous_transaction_feature,float64,84.35,"['1.0', '1.0', '1.0']",590540
train_transaction,V199,anonymous_transaction_feature,float64,84.35,"['1.0', '1.0', '1.0']",590540
train_transaction,V200,anonymous_transaction_feature,float64,84.35,"['1.0', '1.0', '1.0']",590540
train_transaction,V201,anonymous_transaction_feature,float64,84.35,"['1.0', '1.0', '1.0']",590540
train_transaction,V202,anonymous_transaction_feature,float64,84.35,"['0.0', '0.0', '166.21539306640625']",590540
train_transaction,V203,anonymous_transaction_feature,float64,84.35,"['0.0', '0.0', '166.21539306640625']",590540
train_transaction,V204,anonymous_transaction_feature,float64,84.35,"['0.0', '0.0', '166.21539306640625']",590540
train_transaction,V205,anonymous_transaction_feature,float64,84.35,"['0.0', '0.0', '90.3279037475586']",590540
train_transaction,V206,anonymous_transaction_feature,float64,84.35,"['0.0', '0.0', '31.84129905700684']",590540
train_transaction,V207,anonymous_transaction_feature,float64,84.35,"['0.0', '0.0', '90.3279037475586']",590540
train_transaction,V208,anonymous_transaction_feature,float64,84.35,"['0.0', '0.0', '90.3279037475586']",590540
train_transaction,V209,anonymous_transaction_feature,float64,84.35,"['0.0', '0.0', '90.3279037475586']",590540
train_transaction,V210,anonymous_transaction_feature,float64,84.35,"['0.0', '0.0', '90.3279037475586']",590540
train_transaction,V211,anonymous_transaction_feature,float64,84.35,"['0.0', '0.0', '0.0']",590540
train_transaction,V212,anonymous_transaction_feature,float64,84.35,"['0.0', '0.0', '0.0']",590540
train_transaction,V213,anonymous_transaction_feature,float64,84.35,"['0.0', '0.0', '0.0']",590540
train_transaction,V214,anonymous_transaction_feature,float64,84.35,"['0.0', '0.0', '75.88749694824219']",590540
train_transaction,V215,anonymous_transaction_feature,float64,84.35,"['0.0', '0.0', '75.88749694824219']",590540
train_transaction,V216,anonymous_transaction_feature,float64,84.35,"['0.0', '0.0', '75.88749694824219']",590540
train_transaction,V217,anonymous_transaction_feature,float64,84.18,"['0.0', '0.0', '3.0']",590540
train_transaction,V218,anonymous_transaction_feature,float64,84.18,"['0.0', '0.0', '3.0']",590540
train_transaction,V219,anonymous_transaction_feature,float64,84.18,"['0.0', '0.0', '3.0']",590540
train_transaction,V220,anonymous_transaction_feature,float64,84.09,"['0.0', '0.0', '3.0']",590540
train_transaction,V221,anonymous_transaction_feature,float64,84.09,"['1.0', '1.0', '4.0']",590540
train_transaction,V222,anonymous_transaction_feature,float64,84.09,"['1.0', '1.0', '4.0']",590540
train_transaction,V223,anonymous_transaction_feature,float64,84.18,"['0.0', '0.0', '2.0']",590540
train_transaction,V224,anonymous_transaction_feature,float64,84.18,"['0.0', '0.0', '2.0']",590540
train_transaction,V225,anonymous_transaction_feature,float64,84.18,"['0.0', '0.0', '2.0']",590540
train_transaction,V226,anonymous_transaction_feature,float64,84.18,"['0.0', '0.0', '0.0']",590540
train_transaction,V227,anonymous_transaction_feature,float64,84.09,"['0.0', '0.0', '2.0']",590540
train_transaction,V228,anonymous_transaction_feature,float64,84.18,"['1.0', '1.0', '4.0']",590540
train_transaction,V229,anonymous_transaction_feature,float64,84.18,"['1.0', '1.0', '4.0']",590540
train_transaction,V230,anonymous_transaction_feature,float64,84.18,"['1.0', '1.0', '4.0']",590540
train_transaction,V231,anonymous_transaction_feature,float64,84.18,"['0.0', '0.0', '0.0']",590540
train_transaction,V232,anonymous_transaction_feature,float64,84.18,"['0.0', '0.0', '0.0']",590540
train_transaction,V233,anonymous_transaction_feature,float64,84.18,"['0.0', '0.0', '0.0']",590540
train_transaction,V234,anonymous_transaction_feature,float64,84.09,"['0.0', '0.0', '1.0']",590540
train_transaction,V235,anonymous_transaction_feature,float64,84.18,"['0.0', '0.0', '1.0']",590540
train_transaction,V236,anonymous_transaction_feature,float64,84.18,"['0.0', '0.0', '1.0']",590540
train_transaction,V237,anonymous_transaction_feature,float64,84.18,"['0.0', '0.0', '1.0']",590540
train_transaction,V238,anonymous_transaction_feature,float64,84.09,"['0.0', '0.0', '1.0']",590540
train_transaction,V239,anonymous_transaction_feature,float64,84.09,"['0.0', '0.0', '1.0']",590540
train_transaction,V240,anonymous_transaction_feature,float64,84.18,"['1.0', '1.0', '1.0']",590540
train_transaction,V241,anonymous_transaction_feature,float64,84.18,"['1.0', '1.0', '1.0']",590540
train_transaction,V242,anonymous_transaction_feature,float64,84.18,"['1.0', '1.0', '1.0']",590540
train_transaction,V243,anonymous_transaction_feature,float64,84.18,"['1.0', '1.0', '1.0']",590540
train_transaction,V244,anonymous_transaction_feature,float64,84.18,"['1.0', '1.0', '1.0']",590540
train_transaction,V245,anonymous_transaction_feature,float64,84.09,"['1.0', '1.0', '1.0']",590540
train_transaction,V246,anonymous_transaction_feature,float64,84.18,"['1.0', '1.0', '1.0']",590540
train_transaction,V247,anonymous_transaction_feature,float64,84.18,"['1.0', '1.0', '1.0']",590540
train_transaction,V248,anonymous_transaction_feature,float64,84.18,"['1.0', '1.0', '1.0']",590540
train_transaction,V249,anonymous_transaction_feature,float64,84.18,"['1.0', '1.0', '1.0']",590540
train_transaction,V250,anonymous_transaction_feature,float64,84.09,"['1.0', '1.0', '1.0']",590540
train_transaction,V251,anonymous_transaction_feature,float64,84.09,"['1.0', '1.0', '1.0']",590540
train_transaction,V252,anonymous_transaction_feature,float64,84.18,"['1.0', '1.0', '1.0']",590540
train_transaction,V253,anonymous_transaction_feature,float64,84.18,"['1.0', '1.0', '1.0']",590540
train_transaction,V254,anonymous_transaction_feature,float64,84.18,"['1.0', '1.0', '1.0']",590540
train_transaction,V255,anonymous_transaction_feature,float64,84.09,"['1.0', '1.0', '1.0']",590540
train_transaction,V256,anonymous_transaction_feature,float64,84.09,"['1.0', '1.0', '1.0']",590540
train_transaction,V257,anonymous_transaction_feature,float64,84.18,"['1.0', '1.0', '1.0']",590540
train_transaction,V258,anonymous_transaction_feature,float64,84.18,"['1.0', '1.0', '1.0']",590540
train_transaction,V259,anonymous_transaction_feature,float64,84.09,"['1.0', '1.0', '1.0']",590540
train_transaction,V260,anonymous_transaction_feature,float64,84.18,"['1.0', '1.0', '1.0']",590540
train_transaction,V261,anonymous_transaction_feature,float64,84.18,"['1.0', '1.0', '1.0']",590540
train_transaction,V262,anonymous_transaction_feature,float64,84.18,"['1.0', '1.0', '1.0']",590540
train_transaction,V263,anonymous_transaction_feature,float64,84.18,"['0.0', '0.0', '166.21539306640625']",590540
train_transaction,V264,anonymous_transaction_feature,float64,84.18,"['0.0', '0.0', '166.21539306640625']",590540
train_transaction,V265,anonymous_transaction_feature,float64,84.18,"['0.0', '0.0', '166.21539306640625']",590540
train_transaction,V266,anonymous_transaction_feature,float64,84.18,"['0.0', '0.0', '90.3279037475586']",590540
train_transaction,V267,anonymous_transaction_feature,float64,84.18,"['0.0', '0.0', '90.3279037475586']",590540
train_transaction,V268,anonymous_transaction_feature,float64,84.18,"['0.0', '0.0', '90.3279037475586']",590540
train_transaction,V269,anonymous_transaction_feature,float64,84.18,"['0.0', '0.0', '0.0']",590540
train_transaction,V270,anonymous_transaction_feature,float64,84.09,"['0.0', '0.0', '90.3279037475586']",590540
train_transaction,V271,anonymous_transaction_feature,float64,84.09,"['0.0', '0.0', '90.3279037475586']",590540
train_transaction,V272,anonymous_transaction_feature,float64,84.09,"['0.0', '0.0', '90.3279037475586']",590540
train_transaction,V273,anonymous_transaction_feature,float64,84.18,"['0.0', '0.0', '0.0']",590540
train_transaction,V274,anonymous_transaction_feature,float64,84.18,"['0.0', '0.0', '0.0']",590540
train_transaction,V275,anonymous_transaction_feature,float64,84.18,"['0.0', '0.0', '0.0']",590540
train_transaction,V276,anonymous_transaction_feature,float64,84.18,"['0.0', '0.0', '75.88749694824219']",590540
train_transaction,V277,anonymous_transaction_feature,float64,84.18,"['0.0', '0.0', '75.88749694824219']",590540
train_transaction,V278,anonymous_transaction_feature,float64,84.18,"['0.0', '0.0', '75.88749694824219']",590540
train_transaction,V279,anonymous_transaction_feature,float64,0.0,"['0.0', '0.0', '0.0']",590540
train_transaction,V280,anonymous_transaction_feature,float64,0.0,"['0.0', '0.0', '0.0']",590540
train_transaction,V281,anonymous_transaction_feature,float64,0.0,"['0.0', '0.0', '0.0']",590540
train_transaction,V282,anonymous_transaction_feature,float64,0.0,"['1.0', '1.0', '1.0']",590540
train_transaction,V283,anonymous_transaction_feature,float64,0.0,"['1.0', '1.0', '1.0']",590540
train_transaction,V284,anonymous_transaction_feature,float64,0.0,"['0.0', '0.0', '0.0']",590540
train_transaction,V285,anonymous_transaction_feature,float64,0.0,"['0.0', '0.0', '0.0']",590540
train_transaction,V286,anonymous_transaction_feature,float64,0.0,"['0.0', '0.0', '0.0']",590540
train_transaction,V287,anonymous_transaction_feature,float64,0.0,"['0.0', '0.0', '0.0']",590540
train_transaction,V288,anonymous_transaction_feature,float64,0.0,"['0.0', '0.0', '0.0']",590540
train_transaction,V289,anonymous_transaction_feature,float64,0.0,"['0.0', '0.0', '0.0']",590540
train_transaction,V290,anonymous_transaction_feature,float64,0.0,"['1.0', '1.0', '1.0']",590540
train_transaction,V291,anonymous_transaction_feature,float64,0.0,"['1.0', '1.0', '1.0']",590540
train_transaction,V292,anonymous_transaction_feature,float64,0.0,"['1.0', '1.0', '1.0']",590540
train_transaction,V293,anonymous_transaction_feature,float64,0.0,"['0.0', '0.0', '0.0']",590540
train_transaction,V294,anonymous_transaction_feature,float64,0.0,"['1.0', '0.0', '0.0']",590540
train_transaction,V295,anonymous_transaction_feature,float64,0.0,"['0.0', '0.0', '0.0']",590540
train_transaction,V296,anonymous_transaction_feature,float64,0.0,"['0.0', '0.0', '0.0']",590540
train_transaction,V297,anonymous_transaction_feature,float64,0.0,"['0.0', '0.0', '0.0']",590540
train_transaction,V298,anonymous_transaction_feature,float64,0.0,"['0.0', '0.0', '0.0']",590540
train_transaction,V299,anonymous_transaction_feature,float64,0.0,"['0.0', '0.0', '0.0']",590540
train_transaction,V300,anonymous_transaction_feature,float64,0.0,"['0.0', '0.0', '0.0']",590540
train_transaction,V301,anonymous_transaction_feature,float64,0.0,"['0.0', '0.0', '0.0']",590540
train_transaction,V302,anonymous_transaction_feature,float64,0.0,"['0.0', '0.0', '0.0']",590540
train_transaction,V303,anonymous_transaction_feature,float64,0.0,"['0.0', '0.0', '0.0']",590540
train_transaction,V304,anonymous_transaction_feature,float64,0.0,"['0.0', '0.0', '0.0']",590540
train_transaction,V305,anonymous_transaction_feature,float64,0.0,"['1.0', '1.0', '1.0']",590540
train_transaction,V306,anonymous_transaction_feature,float64,0.0,"['0.0', '0.0', '0.0']",590540
train_transaction,V307,anonymous_transaction_feature,float64,0.0,"['117.0', '0.0', '0.0']",590540
train_transaction,V308,anonymous_transaction_feature,float64,0.0,"['0.0', '0.0', '0.0']",590540
train_transaction,V309,anonymous_transaction_feature,float64,0.0,"['0.0', '0.0', '0.0']",590540
train_transaction,V310,anonymous_transaction_feature,float64,0.0,"['0.0', '0.0', '0.0']",590540
train_transaction,V311,anonymous_transaction_feature,float64,0.0,"['0.0', '0.0', '0.0']",590540
train_transaction,V312,anonymous_transaction_feature,float64,0.0,"['0.0', '0.0', '0.0']",590540
train_transaction,V313,anonymous_transaction_feature,float64,0.0,"['0.0', '0.0', '0.0']",590540
train_transaction,V314,anonymous_transaction_feature,float64,0.0,"['0.0', '0.0', '0.0']",590540
train_transaction,V315,anonymous_transaction_feature,float64,0.0,"['0.0', '0.0', '0.0']",590540
train_transaction,V316,anonymous_transaction_feature,float64,0.0,"['0.0', '0.0', '0.0']",590540
train_transaction,V317,anonymous_transaction_feature,float64,0.0,"['117.0', '0.0', '0.0']",590540
train_transaction,V318,anonymous_transaction_feature,float64,0.0,"['0.0', '0.0', '0.0']",590540
train_transaction,V319,anonymous_transaction_feature,float64,0.0,"['0.0', '0.0', '0.0']",590540
train_transaction,V320,anonymous_transaction_feature,float64,0.0,"['0.0', '0.0', '0.0']",590540
train_transaction,V321,anonymous_transaction_feature,float64,0.0,"['0.0', '0.0', '0.0']",590540
train_transaction,V322,anonymous_transaction_feature,float64,86.15,"['0.0', '0.0', '0.0']",590540
train_transaction,V323,anonymous_transaction_feature,float64,86.15,"['0.0', '0.0', '0.0']",590540
train_transaction,V324,anonymous_transaction_feature,float64,86.15,"['0.0', '0.0', '0.0']",590540
train_transaction,V325,anonymous_transaction_feature,float64,86.15,"['0.0', '0.0', '0.0']",590540
train_transaction,V326,anonymous_transaction_feature,float64,86.15,"['0.0', '0.0', '0.0']",590540
train_transaction,V327,anonymous_transaction_feature,float64,86.15,"['0.0', '0.0', '0.0']",590540
train_transaction,V328,anonymous_transaction_feature,float64,86.15,"['0.0', '0.0', '0.0']",590540
train_transaction,V329,anonymous_transaction_feature,float64,86.15,"['0.0', '0.0', '0.0']",590540
train_transaction,V330,anonymous_transaction_feature,float64,86.15,"['0.0', '0.0', '0.0']",590540
train_transaction,V331,anonymous_transaction_feature,float64,86.15,"['0.0', '0.0', '0.0']",590540
train_transaction,V332,anonymous_transaction_feature,float64,86.15,"['0.0', '0.0', '0.0']",590540
train_transaction,V333,anonymous_transaction_feature,float64,86.15,"['0.0', '0.0', '0.0']",590540
train_transaction,V334,anonymous_transaction_feature,float64,86.15,"['0.0', '0.0', '0.0']",590540
train_transaction,V335,anonymous_transaction_feature,float64,86.15,"['0.0', '0.0', '0.0']",590540
train_transaction,V336,anonymous_transaction_feature,float64,86.15,"['0.0', '0.0', '0.0']",590540
train_transaction,V337,anonymous_transaction_feature,float64,86.15,"['0.0', '0.0', '0.0']",590540
train_transaction,V338,anonymous_transaction_feature,float64,86.15,"['0.0', '0.0', '0.0']",590540
train_transaction,V339,anonymous_transaction_feature,float64,86.15,"['0.0', '0.0', '0.0']",590540
train_identity,TransactionID,identifier,int64,0.0,"['2987004', '2987008', '2987010']",144233
train_identity,id_01,identity_feature,float64,0.0,"['0.0', '-5.0', '-5.0']",144233
train_identity,id_02,identity_feature,float64,2.5,"['70787.0', '98945.0', '191631.0']",144233
train_identity,id_03,identity_feature,float64,54.21,"['0.0', '0.0', '3.0']",144233
train_identity,id_04,identity_feature,float64,54.21,"['0.0', '0.0', '0.0']",144233
train_identity,id_05,identity_feature,float64,5.21,"['0.0', '0.0', '0.0']",144233
train_identity,id_06,identity_feature,float64,5.21,"['-5.0', '0.0', '-6.0']",144233
train_identity,id_07,identity_feature,float64,96.41,"['22.0', '6.0', '-1.0']",144233
train_identity,id_08,identity_feature,float64,96.41,"['-34.0', '-55.0', '-100.0']",144233
train_identity,id_09,identity_feature,float64,46.06,"['0.0', '0.0', '3.0']",144233
train_identity,id_10,identity_feature,float64,46.06,"['0.0', '0.0', '0.0']",144233
train_identity,id_11,identity_feature,float64,2.5,"['100.0', '100.0', '100.0']",144233
train_identity,id_12,identity_feature,object,0.0,"['NotFound', 'NotFound', 'NotFound']",144233
train_identity,id_13,identity_feature,float64,22.77,"['49.0', '52.0', '52.0']",144233
train_identity,id_14,identity_feature,float64,30.08,"['-480.0', '-300.0', '-300.0']",144233
train_identity,id_15,identity_feature,object,2.5,"['New', 'New', 'Found']",144233
train_identity,id_16,identity_feature,object,8.13,"['NotFound', 'NotFound', 'Found']",144233
train_identity,id_17,identity_feature,float64,3.36,"['166.0', '166.0', '121.0']",144233
train_identity,id_18,identity_feature,float64,70.83,"['15.0', '18.0', '15.0']",144233
train_identity,id_19,identity_feature,float64,3.36,"['542.0', '621.0', '410.0']",144233
train_identity,id_20,identity_feature,float64,3.39,"['144.0', '500.0', '142.0']",144233
train_identity,id_21,identity_feature,float64,96.44,"['252.0', '252.0', '657.0']",144233
train_identity,id_22,identity_feature,float64,96.4,"['14.0', '14.0', '41.0']",144233
train_identity,id_23,identity_feature,object,96.4,"['IP_PROXY:TRANSPARENT', 'IP_PROXY:TRANSPARENT', 'IP_PROXY:ANONYMOUS']",144233
train_identity,id_24,identity_feature,float64,96.68,"['11.0', '11.0', '15.0']",144233
train_identity,id_25,identity_feature,float64,96.41,"['321.0', '321.0', '161.0']",144233
train_identity,id_26,identity_feature,float64,96.4,"['184.0', '102.0', '159.0']",144233
train_identity,id_27,identity_feature,object,96.4,"['Found', 'Found', 'Found']",144233
train_identity,id_28,identity_feature,object,2.5,"['New', 'New', 'Found']",144233
train_identity,id_29,identity_feature,object,2.5,"['NotFound', 'NotFound', 'Found']",144233
train_identity,id_30,identity_feature,object,31.65,"['Android 7.0', 'iOS 11.1.2', 'Mac OS X 10_11_6']",144233
train_identity,id_31,identity_feature,object,2.66,"['samsung browser 6.2', 'mobile safari 11.0', 'chrome 62.0']",144233
train_identity,id_32,identity_feature,float64,31.64,"['32.0', '32.0', '24.0']",144233
train_identity,id_33,identity_feature,object,36.75,"['2220x1080', '1334x750', '1280x800']",144233
train_identity,id_34,identity_feature,object,31.99,"['match_status:2', 'match_status:1', 'match_status:2']",144233
train_identity,id_35,identity_feature,object,2.5,"['T', 'T', 'F']",144233
train_identity,id_36,identity_feature,object,2.5,"['F', 'F', 'F']",144233
train_identity,id_37,identity_feature,object,2.5,"['T', 'F', 'T']",144233
train_identity,id_38,identity_feature,object,2.5,"['T', 'T', 'T']",144233
train_identity,DeviceType,time_delta_feature,object,2.5,"['mobile', 'mobile', 'desktop']",144233
train_identity,DeviceInfo,time_delta_feature,object,13.85,"['SAMSUNG SM-G892A Build/NRD90M', 'iOS Device', 'Windows']",144233
